,age,workclass,fnlwgt,education,education-num,marital-status,occupation,relationship,race,sex,capital-gain,capital-loss,hours-per-week,native-country,income
0,22, Private,111802, HS-grad,9, Never-married, Machine-op-inspct, Not-in-family, White, Male,77,6,40, United-States, <=50K
1,13, Private,177128, Assoc-voc,9, Married-civ-spouse, Adm-clerical, Husband, White, Male,133,-3,40, United-States, >50K
2,37, Private,156223, Some-college,12, Never-married, Machine-op-inspct, Husband, Black, Female,73,3,40, United-States, >50K
3,25, State-gov,101585, Some-college,13, Married-civ-spouse, Sales, Not-in-family, White, Male,53,1,9, Philippines, <=50K
4,29, Private,184172, Some-college,9, Never-married, Other-service, Husband, White, Male,-51,-2,40, United-States, <=50K
5,22, Private,67201, Some-college,9, Married-civ-spouse, Exec-managerial, Husband, White, Male,72,3,40, United-States, <=50K
6,31, Private,158612, Bachelors,9, Married-civ-spouse, Transport-moving, Own-child, White, Male,-4,6,35, United-States, <=50K
7,40, Private,354585, Assoc-voc,10, Never-married, Prof-specialty, Unmarried, Amer-Indian-Eskimo, Male,78,-1,48, United-States, <=50K
8,63, Private,290668, Some-college,9, Never-married, Sales, Not-in-family, Other, Male,79,-4,40, United-States, <=50K
9,34, Private,155213, Some-college,14, Divorced, Other-service, Wife, White, Male,121,-1,-1, United-States, <=50K
10,31, Private,163111, Bachelors,10, Never-married, Adm-clerical, Not-in-family, White, Male,71,4,40, United-States, <=50K
11,46, Private,153340, 7th-8th,9, Never-married, Other-service, Not-in-family, White, Male,46,-4,37, United-States, <=50K
12,15, Private,138843, HS-grad,15, Married-civ-spouse, ?, Husband, White, Male,113,4,40, United-States, >50K
13,43, Private,212026, HS-grad,11, Married-civ-spouse, ?, Not-in-family, White, Male,76,1,36, United-States, <=50K
14,36, Local-gov,250176, Bachelors,7, Married-civ-spouse, Prof-specialty, Husband, White, Male,89,2,8, Mexico, <=50K
15,46, Federal-gov,228583, Some-college,4, Separated, Sales, Wife, White, Male,-1,1,40, United-States, <=50K
16,58, Private,238129, Bachelors,10, Never-married, ?, Wife, Asian-Pac-Islander, Male,14,-4,45, United-States, <=50K
17,32, Private,86899, Some-college,12, Never-married, Other-service, Husband, White, Male,61,0,40, United-States, >50K
18,49, Private,31757, HS-grad,9, Never-married, Prof-specialty, Unmarried, Asian-Pac-Islander, Male,44,2,49, United-States, <=50K
19,35, Private,224013, Assoc-acdm,6, Married-civ-spouse, Farming-fishing, Not-in-family, White, Male,38,2,40, United-States, <=50K
20,21, Private,162672, Bachelors,12, Married-civ-spouse, Tech-support, Own-child, Black, Female,-28,-1,40, United-States, <=50K
21,37, Private,26176, 7th-8th,7, Married-civ-spouse, Handlers-cleaners, Own-child, White, Male,129,2,40, Mexico, >50K
22,41, Private,125495, Some-college,9, Never-married, Handlers-cleaners, Not-in-family, White, Male,12,-1,40, United-States, <=50K
23,33, Private,209073, HS-grad,9, Married-civ-spouse, Exec-managerial, Own-child, Black, Male,79,2,40, United-States, <=50K
24,35, Private,171712, Some-college,16, Never-married, Priv-house-serv, Husband, White, Male,87,2,53, ?, <=50K
25,45, Private,133327, 1st-4th,6, Never-married, Tech-support, Own-child, White, Female,108,5,40, Jamaica, <=50K
26,53, Never-worked,160725, Prof-school,13, Never-married, Machine-op-inspct, Husband, White, Male,119,-3,40, United-States, <=50K
27,37, Private,200424, 1st-4th,10, Married-civ-spouse, Prof-specialty, Unmarried, White, Male,120,4,48, United-States, <=50K
28,34, Private,112596, Bachelors,12, Married-civ-spouse, Protective-serv, Not-in-family, White, Male,34,4,40, United-States, <=50K
29,37, Local-gov,148832, Some-college,14, Never-married, Other-service, Husband, Other, Female,146,1,40, Mexico, <=50K
30,16, Private,140527, Some-college,9, Never-married, Other-service, Not-in-family, White, Male,31,-3,43, United-States, <=50K
31,37, Private,61963, Bachelors,11, Married-civ-spouse, Sales, Husband, White, Male,44,-3,40, United-States, >50K
32,40, Private,190623, HS-grad,9, Never-married, Craft-repair, Unmarried, White, Male,19,1,40, United-States, <=50K
33,32, Private,181565, Some-college,9, Divorced, Prof-specialty, Wife, Black, Female,52,1,40, United-States, >50K
34,41, Private,262028, Prof-school,12, Married-civ-spouse, ?, Husband, White, Male,112,-2,40, United-States, >50K
35,66, Self-emp-not-inc,49613, Assoc-voc,9, Married-civ-spouse, Adm-clerical, Husband, White, Male,85,1,13, United-States, <=50K
36,40, Self-emp-inc,410385, Some-college,12, Married-civ-spouse, Craft-repair, Wife, White, Female,-22,1,21, United-States, <=50K
37,31, ?,224075, HS-grad,9, Never-married, Handlers-cleaners, Not-in-family, White, Male,3537,-5,40, United-States, <=50K
38,39, Private,154126, Some-college,10, Separated, Sales, Not-in-family, White, Male,69,5,48, United-States, <=50K
39,24, Private,137377, Some-college,9, Divorced, Handlers-cleaners, Husband, White, Female,94,0,32, United-States, <=50K
40,70, Private,219039, Bachelors,13, Separated, Farming-fishing, Husband, White, Male,38,3,-1, ?, <=50K
41,38, Private,232976, HS-grad,13, Divorced, Adm-clerical, Husband, White, Male,61,-1,12, United-States, <=50K
42,55, State-gov,159723, 11th,10, Never-married, Farming-fishing, Husband, Black, Male,79,-3,40, United-States, <=50K
43,38, Private,272136, 12th,9, Separated, ?, Not-in-family, White, Female,66,-3,29, Dominican-Republic, <=50K
44,29, State-gov,196375, Masters,9, Separated, Craft-repair, Not-in-family, Black, Male,99,-1,40, United-States, <=50K
45,35, Private,110882, Assoc-acdm,9, Married-civ-spouse, Adm-clerical, Not-in-family, Black, Male,66,-3,40, United-States, <=50K
46,30, Never-worked,180009, HS-grad,13, Married-civ-spouse, Exec-managerial, Husband, White, Male,-49,-1,40, Jamaica, <=50K
47,29, Private,124306, Bachelors,13, Never-married, Craft-repair, Not-in-family, White, Male,115,-1,40, United-States, <=50K
48,40, Private,240480, 12th,11, Married-civ-spouse, Handlers-cleaners, Wife, Black, Male,-44,1,40, United-States, >50K
49,28, Private,118764, Some-college,15, Never-married, Machine-op-inspct, Unmarried, White, Male,114,-3,31, ?, <=50K
50,45, Private,271846, Some-college,5, Divorced, Exec-managerial, Unmarried, White, Male,41,2,40, United-States, <=50K
51,28, Private,177645, Some-college,11, Never-married, ?, Unmarried, White, Male,15,-4,40, United-States, <=50K
52,48, State-gov,68196, Some-college,9, Married-civ-spouse, Farming-fishing, Unmarried, White, Male,31,4,40, United-States, <=50K
53,49, Private,45443, 12th,2, Married-civ-spouse, Craft-repair, Not-in-family, Asian-Pac-Islander, Female,136,3,49, United-States, <=50K
54,42, Self-emp-not-inc,169459, Some-college,9, Married-civ-spouse, Handlers-cleaners, Unmarried, White, Male,-51,4,40, United-States, <=50K
55,24, Private,224965, Bachelors,7, Married-civ-spouse, Other-service, Husband, Asian-Pac-Islander, Male,42,5,40, India, >50K
56,28, State-gov,243014, 10th,9, Separated, ?, Husband, Amer-Indian-Eskimo, Male,114,-2,40, Japan, <=50K
57,41, Private,234604, Some-college,9, Separated, Sales, Husband, White, Male,95,8,38, ?, <=50K
58,41, Private,264426, Some-college,14, Never-married, Prof-specialty, Wife, Other, Male,37,5,40, United-States, <=50K
59,44, Private,247341, Some-college,9, Never-married, Tech-support, Husband, White, Male,-15,0,40, ?, <=50K
60,25, Private,233946, HS-grad,12, Never-married, Machine-op-inspct, Wife, White, Male,-34,-3,40, United-States, <=50K
61,36, Private,321730, Doctorate,13, Divorced, Exec-managerial, Husband, Other, Male,78,-3,28, United-States, <=50K
62,40, Private,366330, 11th,15, Never-married, Other-service, Not-in-family, White, Male,42,-5,30, United-States, <=50K
63,21, Self-emp-inc,110878, 10th,5, Never-married, Other-service, Husband, White, Male,95,3,40, United-States, <=50K
64,19, Self-emp-inc,205039, 11th,9, Married-civ-spouse, Craft-repair, Husband, Black, Male,116,-6,31, United-States, <=50K
65,41, Private,233564, Some-college,13, Married-civ-spouse, Adm-clerical, Husband, Other, Male,-37,3,12, United-States, <=50K
66,20, Private,294770, Masters,10, Never-married, Adm-clerical, Not-in-family, Black, Male,63,-1,40, United-States, <=50K
67,41, ?,272974, HS-grad,14, Married-civ-spouse, Craft-repair, Husband, White, Female,-33,-2,49, United-States, <=50K
68,30, Private,243170, Some-college,5, Married-civ-spouse, Farming-fishing, Unmarried, White, Male,95,3,40, United-States, <=50K
69,31, Private,204185, Doctorate,16, Married-civ-spouse, Farming-fishing, Not-in-family, White, Female,-30,-1,40, Iran, <=50K
70,67, Private,328543, Doctorate,16, Never-married, Machine-op-inspct, Wife, Asian-Pac-Islander, Female,47,4,53, United-States, <=50K
71,39, Local-gov,186330, Doctorate,9, Divorced, Sales, Own-child, White, Female,3,-2,40, United-States, <=50K
72,37, ?,176164, HS-grad,9, Married-civ-spouse, Exec-managerial, Own-child, White, Male,130,1,40, United-States, <=50K
73,18, Private,199810, Bachelors,9, Never-married, Adm-clerical, Husband, White, Female,91,3,40, United-States, <=50K
74,46, Private,206956, Some-college,15, Married-civ-spouse, Other-service, Husband, White, Male,16111,1445,40, United-States, <=50K
75,28, Private,134103, 11th,9, Never-married, Other-service, Husband, White, Male,43,-3,34, United-States, <=50K
76,33, Private,317030, Some-college,9, Married-civ-spouse, Adm-clerical, Not-in-family, White, Female,-7,-5,40, United-States, <=50K
77,59, Private,83775, Some-college,12, Divorced, ?, Husband, White, Male,47,-2,40, United-States, >50K
78,50, Private,59099, HS-grad,9, Married-civ-spouse, Farming-fishing, Husband, Other, Male,143,-1,40, United-States, <=50K
79,19, Private,176735, HS-grad,9, Married-civ-spouse, Adm-clerical, Husband, Asian-Pac-Islander, Female,78,-1,40, United-States, <=50K
80,47, Private,163784, Some-college,9, Married-civ-spouse, Craft-repair, Husband, White, Male,-43,-2,20, United-States, <=50K
81,42, Local-gov,229961, Bachelors,15, Married-civ-spouse, Adm-clerical, Not-in-family, White, Female,102,3,41, United-States, <=50K
82,22, Private,314787, Some-college,6, Married-civ-spouse, ?, Husband, White, Male,-30,1,55, United-States, <=50K
83,27, Private,177246, Bachelors,9, Married-civ-spouse, Machine-op-inspct, Unmarried, White, Male,17,4,40, United-States, <=50K
84,69, Private,62395, Some-college,10, Married-civ-spouse, Craft-repair, Own-child, White, Male,-25,0,49, United-States, >50K
85,55, Federal-gov,231585, HS-grad,11, Married-civ-spouse, Adm-clerical, Not-in-family, White, Female,138,-3,40, United-States, <=50K
86,33, Private,242849, Assoc-voc,12, Never-married, Exec-managerial, Not-in-family, White, Male,137,0,58, United-States, <=50K
87,42, Private,239832, HS-grad,15, Never-married, Sales, Husband, White, Male,-93,7,40, Haiti, <=50K
88,29, Private,222320, Assoc-acdm,13, Never-married, Handlers-cleaners, Unmarried, Amer-Indian-Eskimo, Male,-71,-4,49, United-States, <=50K
89,38, Private,47444, Assoc-acdm,13, Married-civ-spouse, Adm-clerical, Husband, Black, Male,-123,7,40, Columbia, <=50K
90,19, Private,169158, Bachelors,13, Married-civ-spouse, Craft-repair, Other-relative, White, Male,83,4,40, China, <=50K
91,50, Private,472827, 11th,2, Married-civ-spouse, Other-service, Husband, White, Female,-52,-1,40, United-States, <=50K
92,50, Self-emp-not-inc,296008, HS-grad,9, Separated, Other-service, Unmarried, White, Male,-15,1,49, United-States, <=50K
93,54, ?,330636, Bachelors,9, Married-civ-spouse, Sales, Husband, White, Female,85,-1,29, United-States, <=50K
94,55, Private,130843, 10th,11, Never-married, Adm-clerical, Not-in-family, White, Male,142,4,40, ?, <=50K
95,47, Without-pay,12306, Some-college,14, Never-married, Prof-specialty, Other-relative, White, Male,86,-3,40, Taiwan, >50K
96,33, ?,87122, Some-college,9, Married-civ-spouse, ?, Unmarried, White, Male,88,-6,40, United-States, <=50K
97,42, Private,224957, 10th,4, Married-civ-spouse, Handlers-cleaners, Unmarried, White, Male,94,1713,40, United-States, <=50K
98,81, Self-emp-not-inc,141092, Assoc-voc,9, Married-civ-spouse, Sales, Other-relative, White, Male,63,-1,14, United-States, <=50K
99,39, Private,69322, Some-college,9, Married-civ-spouse, Exec-managerial, Unmarried, White, Female,-1,3,17, United-States, <=50K
